,image_name,encoder_type,encoder_args,encoder_name,num_bytes,mse,ssim,psnr
0,sunrise.JPG,JPEG,"(2,)",JPEG Encoder Quality 2,15201,77.95791883680556,0.6727559970778723,21.35106641678692
1,sunrise.JPG,JPEG,"(4,)",JPEG Encoder Quality 4,15243,67.556025390625,0.7401566654208719,24.463615391817697
2,sunrise.JPG,JPEG,"(6,)",JPEG Encoder Quality 6,15391,57.94898111979167,0.6584937104920686,24.937488787735298
3,sunrise.JPG,JPEG,"(11,)",JPEG Encoder Quality 11,15822,31.74299732349537,0.6727433677778542,28.895245522664577
4,sunrise.JPG,JPEG,"(19,)",JPEG Encoder Quality 19,16669,18.433527922453703,0.7294391473341988,32.202880680106986
5,sunrise.JPG,JPEG,"(33,)",JPEG Encoder Quality 33,19061,12.646128472222221,0.7394128307561734,33.56979555172455
6,sunrise.JPG,JPEG,"(56,)",JPEG Encoder Quality 56,28411,10.448241102430556,0.7783396616772404,34.858169800603946
7,sunrise.JPG,JPEG,"(95,)",JPEG Encoder Quality 95,260232,3.995254267939815,0.9262701068737208,39.74008713390544
8,radio_testing.jpg,JPEG,"(2,)",JPEG Encoder Quality 2,18834,83.33476598668982,0.5191129348998232,22.600220820475357
9,radio_testing.jpg,JPEG,"(4,)",JPEG Encoder Quality 4,22398,80.49251085069444,0.601850753504917,23.802008350670583
10,radio_testing.jpg,JPEG,"(6,)",JPEG Encoder Quality 6,28225,73.62584816261574,0.7038962499611355,25.324612825360624
11,radio_testing.jpg,JPEG,"(11,)",JPEG Encoder Quality 11,42910,57.54647424768518,0.8233696811742153,28.24102998982775
12,radio_testing.jpg,JPEG,"(19,)",JPEG Encoder Quality 19,60338,34.733311631944446,0.8990452692868519,31.79026165983812
13,radio_testing.jpg,JPEG,"(33,)",JPEG Encoder Quality 33,82806,22.71259837962963,0.9397413197461416,34.24429855754156
14,radio_testing.jpg,JPEG,"(56,)",JPEG Encoder Quality 56,109856,13.686362485532408,0.9627036755112416,36.67203108308632
15,radio_testing.jpg,JPEG,"(95,)",JPEG Encoder Quality 95,333238,2.4323560474537036,0.99168783965932,44.27053213734901
16,alex_and_lotus.JPG,JPEG,"(2,)",JPEG Encoder Quality 2,17324,90.19574508101852,0.5839285986161892,21.268461500725554
17,alex_and_lotus.JPG,JPEG,"(4,)",JPEG Encoder Quality 4,19104,86.05368851273148,0.6178350978191687,22.29063636749647
18,alex_and_lotus.JPG,JPEG,"(6,)",JPEG Encoder Quality 6,22100,70.01230396412036,0.6576276100007002,24.69976634678777
19,alex_and_lotus.JPG,JPEG,"(11,)",JPEG Encoder Quality 11,30709,49.60186921296296,0.7309612521367318,26.865430524714412
20,alex_and_lotus.JPG,JPEG,"(19,)",JPEG Encoder Quality 19,44403,39.03347475405093,0.7912696320737022,28.34755032488612
21,alex_and_lotus.JPG,JPEG,"(33,)",JPEG Encoder Quality 33,65528,31.71831488715278,0.8400356321168291,29.817742814586108
22,alex_and_lotus.JPG,JPEG,"(56,)",JPEG Encoder Quality 56,94589,27.279563802083334,0.8761693279114627,31.1886260168693
23,alex_and_lotus.JPG,JPEG,"(95,)",JPEG Encoder Quality 95,355711,7.528012876157407,0.9678583883226525,38.59081253827928
24,rocket_and_streamer_wide.jpg,JPEG,"(2,)",JPEG Encoder Quality 2,19078,90.34341254340278,0.5604782495737338,19.645152431301703
25,rocket_and_streamer_wide.jpg,JPEG,"(4,)",JPEG Encoder Quality 4,22442,85.09924153645834,0.6002227549021635,20.47990215201783
26,rocket_and_streamer_wide.jpg,JPEG,"(6,)",JPEG Encoder Quality 6,27837,74.57187970196759,0.6525281033519468,22.25424127636305
27,rocket_and_streamer_wide.jpg,JPEG,"(11,)",JPEG Encoder Quality 11,41199,56.803648726851854,0.7229383460546354,23.922604606044292
28,rocket_and_streamer_wide.jpg,JPEG,"(19,)",JPEG Encoder Quality 19,60414,49.25639829282407,0.7835102858794221,25.081709357489625
29,rocket_and_streamer_wide.jpg,JPEG,"(33,)",JPEG Encoder Quality 33,90366,43.513328269675924,0.8402170542405276,26.534586042927685
30,rocket_and_streamer_wide.jpg,JPEG,"(56,)",JPEG Encoder Quality 56,131533,38.10126736111111,0.8891873207837447,28.55815175071019
31,rocket_and_streamer_wide.jpg,JPEG,"(95,)",JPEG Encoder Quality 95,427868,5.032517361111111,0.9859720796400424,40.76453804699521
32,john_and_dean.JPG,JPEG,"(2,)",JPEG Encoder Quality 2,17286,83.87156756365741,0.6496360010097396,22.34216069405813
33,john_and_dean.JPG,JPEG,"(4,)",JPEG Encoder Quality 4,19181,80.87971317997685,0.6779987586303688,23.26310747009338
34,john_and_dean.JPG,JPEG,"(6,)",JPEG Encoder Quality 6,22005,62.88003942418982,0.7189747763221725,25.49221170324924
35,john_and_dean.JPG,JPEG,"(11,)",JPEG Encoder Quality 11,29456,45.23802951388889,0.7772796063175739,27.683922902143443
36,john_and_dean.JPG,JPEG,"(19,)",JPEG Encoder Quality 19,41151,35.34290111400463,0.8252155917680876,29.19581969023576
37,john_and_dean.JPG,JPEG,"(33,)",JPEG Encoder Quality 33,59220,28.25772316261574,0.8657967773093352,30.705229397535902
38,john_and_dean.JPG,JPEG,"(56,)",JPEG Encoder Quality 56,84025,23.818969907407407,0.8959849968229233,32.123807993247446
39,john_and_dean.JPG,JPEG,"(95,)",JPEG Encoder Quality 95,317822,6.358725405092593,0.970669190021542,39.757302562933525
40,2.jpg,JPEG,"(2,)",JPEG Encoder Quality 2,15903,83.98164026331018,0.6615396109865159,23.192153782452362
41,2.jpg,JPEG,"(4,)",JPEG Encoder Quality 4,16889,80.14003870081018,0.6729917809479219,24.380719134512976
42,2.jpg,JPEG,"(6,)",JPEG Encoder Quality 6,18507,62.89904296875,0.7261399729929616,27.2996754403516
43,2.jpg,JPEG,"(11,)",JPEG Encoder Quality 11,23427,39.48893952546296,0.7953709265460737,30.575697208046062
44,2.jpg,JPEG,"(19,)",JPEG Encoder Quality 19,31165,25.866028284143518,0.843675675675645,32.68202730821414
45,2.jpg,JPEG,"(33,)",JPEG Encoder Quality 33,43518,17.588739149305557,0.8856304602731072,34.84491864097588
46,2.jpg,JPEG,"(56,)",JPEG Encoder Quality 56,60948,12.630930266203704,0.9078380016814048,36.21894516871085
47,2.jpg,JPEG,"(95,)",JPEG Encoder Quality 95,230607,4.086141131365741,0.9620995456620144,41.47106145942598
48,9.jpg,JPEG,"(2,)",JPEG Encoder Quality 2,15759,78.75194986979167,0.7733413281892049,24.683583140843034
49,9.jpg,JPEG,"(4,)",JPEG Encoder Quality 4,16296,73.9414720775463,0.7876569026680276,25.562918372933837
50,9.jpg,JPEG,"(6,)",JPEG Encoder Quality 6,17172,56.80388852719907,0.8157711971845445,28.652519411436796
51,9.jpg,JPEG,"(11,)",JPEG Encoder Quality 11,19682,34.55037941261574,0.860846988702503,32.16679165269766
52,9.jpg,JPEG,"(19,)",JPEG Encoder Quality 19,23703,16.471385633680555,0.89644355827694,35.17253557542257
53,9.jpg,JPEG,"(33,)",JPEG Encoder Quality 33,30786,10.059702329282407,0.9234119825034437,37.436589020232475
54,9.jpg,JPEG,"(56,)",JPEG Encoder Quality 56,41775,6.739839771412037,0.9399276782212024,39.27705051028801
55,9.jpg,JPEG,"(95,)",JPEG Encoder Quality 95,184296,2.464232494212963,0.9698739596057466,43.72303452531341
56,5.jpg,JPEG,"(2,)",JPEG Encoder Quality 2,15975,73.27251446759259,0.536414813663557,23.672850598782325
57,5.jpg,JPEG,"(4,)",JPEG Encoder Quality 4,16860,62.64435076678241,0.6805704715540996,25.549086330341847
58,5.jpg,JPEG,"(6,)",JPEG Encoder Quality 6,18323,57.36980070891204,0.736678022341461,28.018127526407362
59,5.jpg,JPEG,"(11,)",JPEG Encoder Quality 11,22658,32.96555157696759,0.7893977573498518,31.34029550643248
60,5.jpg,JPEG,"(19,)",JPEG Encoder Quality 19,28717,20.99569046585648,0.8762203119058926,33.754715083730645
61,5.jpg,JPEG,"(33,)",JPEG Encoder Quality 33,37687,14.043030960648148,0.9165332669774234,35.89116605805022
62,5.jpg,JPEG,"(56,)",JPEG Encoder Quality 56,49945,9.970145399305556,0.9401368950203146,37.61307864451767
63,5.jpg,JPEG,"(95,)",JPEG Encoder Quality 95,193206,3.2570887586805557,0.9763725678599336,42.98562632160315
64,13.jpg,JPEG,"(2,)",JPEG Encoder Quality 2,17101,76.62232855902778,0.6353983249498288,23.749586301586476
65,13.jpg,JPEG,"(4,)",JPEG Encoder Quality 4,18488,72.6837572337963,0.7172281064217721,24.982266014527127
66,13.jpg,JPEG,"(6,)",JPEG Encoder Quality 6,20544,53.080549768518516,0.7703851088498367,27.78486088956969
67,13.jpg,JPEG,"(11,)",JPEG Encoder Quality 11,25571,34.187265986689816,0.8257207532397807,30.825309966856587
68,13.jpg,JPEG,"(19,)",JPEG Encoder Quality 19,32593,22.433505497685186,0.8944516848830316,33.257863251168786
69,13.jpg,JPEG,"(33,)",JPEG Encoder Quality 33,43282,14.754680627893519,0.9267806080031011,35.48794912398679
70,13.jpg,JPEG,"(56,)",JPEG Encoder Quality 56,58588,10.307725332754629,0.9459284243986645,37.39975187318504
71,13.jpg,JPEG,"(95,)",JPEG Encoder Quality 95,217447,3.0959107349537036,0.979145453447363,43.1646028048917
72,12.jpg,JPEG,"(2,)",JPEG Encoder Quality 2,19741,85.78876265914352,0.6024925057755016,21.237004872027512
73,12.jpg,JPEG,"(4,)",JPEG Encoder Quality 4,23443,81.13116970486111,0.6712582474006666,22.71929031834641
74,12.jpg,JPEG,"(6,)",JPEG Encoder Quality 6,27976,68.19070891203704,0.7465353557457576,25.062564390049083
75,12.jpg,JPEG,"(11,)",JPEG Encoder Quality 11,38054,48.15229781539352,0.8294838374338126,27.782448329746238
76,12.jpg,JPEG,"(19,)",JPEG Encoder Quality 19,51078,35.21981951678241,0.881891071630759,29.95870101140075
77,12.jpg,JPEG,"(33,)",JPEG Encoder Quality 33,69883,25.874457103587964,0.9168651805760274,31.84185392581235
78,12.jpg,JPEG,"(56,)",JPEG Encoder Quality 56,94491,19.67017361111111,0.9389733992017861,33.49072864403027
79,12.jpg,JPEG,"(95,)",JPEG Encoder Quality 95,313840,6.665807291666667,0.9773312283794207,39.49544268736159
80,sunrise.JPG,JPEG2000,"(1, 255)",JPEG2000 Encoder: Quality 1,285,91.8569361255787,0.4585769010548468,11.782425805398994
81,sunrise.JPG,JPEG2000,"(2, 255)",JPEG2000 Encoder: Quality 2,285,91.8569361255787,0.4585769010548468,11.782425805398994
82,sunrise.JPG,JPEG2000,"(2, 255)",JPEG2000 Encoder: Quality 2,285,91.8569361255787,0.4585769010548468,11.782425805398994
83,sunrise.JPG,JPEG2000,"(3, 255)",JPEG2000 Encoder: Quality 3,285,91.8569361255787,0.4585769010548468,11.782425805398994
84,sunrise.JPG,JPEG2000,"(4, 255)",JPEG2000 Encoder: Quality 4,285,91.8569361255787,0.4585769010548468,11.782425805398994
85,sunrise.JPG,JPEG2000,"(5, 255)",JPEG2000 Encoder: Quality 5,285,91.8569361255787,0.4585769010548468,11.782425805398994
86,sunrise.JPG,JPEG2000,"(7, 255)",JPEG2000 Encoder: Quality 7,285,91.8569361255787,0.4585769010548468,11.782425805398994
87,sunrise.JPG,JPEG2000,"(9, 255)",JPEG2000 Encoder: Quality 9,285,91.8569361255787,0.4585769010548468,11.782425805398994
88,sunrise.JPG,JPEG2000,"(11, 255)",JPEG2000 Encoder: Quality 11,285,91.8569361255787,0.4585769010548468,11.782425805398994
89,sunrise.JPG,JPEG2000,"(14, 255)",JPEG2000 Encoder: Quality 14,285,91.8569361255787,0.4585769010548468,11.782425805398994
90,sunrise.JPG,JPEG2000,"(17, 255)",JPEG2000 Encoder: Quality 17,285,91.8569361255787,0.4585769010548468,11.782425805398994
91,sunrise.JPG,JPEG2000,"(22, 255)",JPEG2000 Encoder: Quality 22,285,91.8569361255787,0.4585769010548468,11.782425805398994
92,sunrise.JPG,JPEG2000,"(27, 255)",JPEG2000 Encoder: Quality 27,318,78.93906141493055,0.47786463056587786,13.858064375576744
93,sunrise.JPG,JPEG2000,"(34, 255)",JPEG2000 Encoder: Quality 34,589,31.283739872685185,0.7376698875514761,28.682930588089384
94,sunrise.JPG,JPEG2000,"(43, 255)",JPEG2000 Encoder: Quality 43,200205,8.496541160300925,0.8548060670319201,36.68411929480061
95,radio_testing.jpg,JPEG2000,"(1, 255)",JPEG2000 Encoder: Quality 1,244,98.67257197627315,,-inf
96,radio_testing.jpg,JPEG2000,"(2, 255)",JPEG2000 Encoder: Quality 2,244,98.67257197627315,,-inf
97,radio_testing.jpg,JPEG2000,"(2, 255)",JPEG2000 Encoder: Quality 2,244,98.67257197627315,,-inf
98,radio_testing.jpg,JPEG2000,"(3, 255)",JPEG2000 Encoder: Quality 3,244,98.67257197627315,,-inf
99,radio_testing.jpg,JPEG2000,"(4, 255)",JPEG2000 Encoder: Quality 4,244,98.67257197627315,,-inf
100,radio_testing.jpg,JPEG2000,"(5, 255)",JPEG2000 Encoder: Quality 5,244,98.67257197627315,,-inf
101,radio_testing.jpg,JPEG2000,"(7, 255)",JPEG2000 Encoder: Quality 7,244,98.67257197627315,,-inf
102,radio_testing.jpg,JPEG2000,"(9, 255)",JPEG2000 Encoder: Quality 9,244,98.67257197627315,,-inf
103,radio_testing.jpg,JPEG2000,"(11, 255)",JPEG2000 Encoder: Quality 11,244,98.67257197627315,,-inf
104,radio_testing.jpg,JPEG2000,"(14, 255)",JPEG2000 Encoder: Quality 14,244,98.67257197627315,,-inf
105,radio_testing.jpg,JPEG2000,"(17, 255)",JPEG2000 Encoder: Quality 17,244,98.67257197627315,,-inf
106,radio_testing.jpg,JPEG2000,"(22, 255)",JPEG2000 Encoder: Quality 22,1040,80.98716652199074,0.4165481209101896,21.295072588347747
107,radio_testing.jpg,JPEG2000,"(27, 255)",JPEG2000 Encoder: Quality 27,10942,59.99542679398148,0.6526158902110529,26.14867973976758
108,radio_testing.jpg,JPEG2000,"(34, 255)",JPEG2000 Encoder: Quality 34,54027,28.496299913194445,0.912272119016554,32.953909014939924
109,radio_testing.jpg,JPEG2000,"(43, 255)",JPEG2000 Encoder: Quality 43,205891,5.9218981481481485,0.9804350303067472,40.406126368501496
110,alex_and_lotus.JPG,JPEG2000,"(1, 255)",JPEG2000 Encoder: Quality 1,244,109.02768446180555,0.0,-inf
111,alex_and_lotus.JPG,JPEG2000,"(2, 255)",JPEG2000 Encoder: Quality 2,244,109.02768446180555,0.0,-inf
112,alex_and_lotus.JPG,JPEG2000,"(2, 255)",JPEG2000 Encoder: Quality 2,244,109.02768446180555,0.0,-inf
113,alex_and_lotus.JPG,JPEG2000,"(3, 255)",JPEG2000 Encoder: Quality 3,244,109.02768446180555,0.0,-inf
114,alex_and_lotus.JPG,JPEG2000,"(4, 255)",JPEG2000 Encoder: Quality 4,244,109.02768446180555,0.0,-inf
115,alex_and_lotus.JPG,JPEG2000,"(5, 255)",JPEG2000 Encoder: Quality 5,244,109.02768446180555,0.0,-inf
116,alex_and_lotus.JPG,JPEG2000,"(7, 255)",JPEG2000 Encoder: Quality 7,244,109.02768446180555,0.0,-inf
117,alex_and_lotus.JPG,JPEG2000,"(9, 255)",JPEG2000 Encoder: Quality 9,244,109.02768446180555,0.0,-inf
118,alex_and_lotus.JPG,JPEG2000,"(11, 255)",JPEG2000 Encoder: Quality 11,244,109.02768446180555,0.0,-inf
119,alex_and_lotus.JPG,JPEG2000,"(14, 255)",JPEG2000 Encoder: Quality 14,244,109.02768446180555,0.0,-inf
120,alex_and_lotus.JPG,JPEG2000,"(17, 255)",JPEG2000 Encoder: Quality 17,276,107.49316116898149,0.48583344010437557,13.065831778112829
121,alex_and_lotus.JPG,JPEG2000,"(22, 255)",JPEG2000 Encoder: Quality 22,819,72.28672887731481,0.5612569035753655,21.408207701740952
122,alex_and_lotus.JPG,JPEG2000,"(27, 255)",JPEG2000 Encoder: Quality 27,11899,43.5845189525463,0.7051953552448232,26.918952027903117
123,alex_and_lotus.JPG,JPEG2000,"(34, 255)",JPEG2000 Encoder: Quality 34,91812,25.189375,0.8919730512726666,33.16242609250163
124,alex_and_lotus.JPG,JPEG2000,"(43, 255)",JPEG2000 Encoder: Quality 43,374798,10.69633861400463,0.9525475620193999,37.73286475279662
125,rocket_and_streamer_wide.jpg,JPEG2000,"(1, 255)",JPEG2000 Encoder: Quality 1,244,109.61941731770834,0.0,-inf
126,rocket_and_streamer_wide.jpg,JPEG2000,"(2, 255)",JPEG2000 Encoder: Quality 2,244,109.61941731770834,0.0,-inf
127,rocket_and_streamer_wide.jpg,JPEG2000,"(2, 255)",JPEG2000 Encoder: Quality 2,244,109.61941731770834,0.0,-inf
128,rocket_and_streamer_wide.jpg,JPEG2000,"(3, 255)",JPEG2000 Encoder: Quality 3,244,109.61941731770834,0.0,-inf
129,rocket_and_streamer_wide.jpg,JPEG2000,"(4, 255)",JPEG2000 Encoder: Quality 4,244,109.61941731770834,0.0,-inf
130,rocket_and_streamer_wide.jpg,JPEG2000,"(5, 255)",JPEG2000 Encoder: Quality 5,244,109.61941731770834,0.0,-inf
131,rocket_and_streamer_wide.jpg,JPEG2000,"(7, 255)",JPEG2000 Encoder: Quality 7,244,109.61941731770834,0.0,-inf
132,rocket_and_streamer_wide.jpg,JPEG2000,"(9, 255)",JPEG2000 Encoder: Quality 9,244,109.61941731770834,0.0,-inf
133,rocket_and_streamer_wide.jpg,JPEG2000,"(11, 255)",JPEG2000 Encoder: Quality 11,244,109.61941731770834,0.0,-inf
134,rocket_and_streamer_wide.jpg,JPEG2000,"(14, 255)",JPEG2000 Encoder: Quality 14,244,109.61941731770834,0.0,-inf
135,rocket_and_streamer_wide.jpg,JPEG2000,"(17, 255)",JPEG2000 Encoder: Quality 17,244,109.61941731770834,0.0,-inf
136,rocket_and_streamer_wide.jpg,JPEG2000,"(22, 255)",JPEG2000 Encoder: Quality 22,6999,55.54728624131945,0.6083604043249551,22.22419334948476
137,rocket_and_streamer_wide.jpg,JPEG2000,"(27, 255)",JPEG2000 Encoder: Quality 27,57637,45.52576244212963,0.814849463359479,26.97721601446464
138,rocket_and_streamer_wide.jpg,JPEG2000,"(34, 255)",JPEG2000 Encoder: Quality 34,158389,26.893093171296297,0.9331752682256544,33.0295827596063
139,rocket_and_streamer_wide.jpg,JPEG2000,"(43, 255)",JPEG2000 Encoder: Quality 43,342848,10.215326244212964,0.9723862930733311,38.014413092149724
140,john_and_dean.JPG,JPEG2000,"(1, 255)",JPEG2000 Encoder: Quality 1,244,106.4327712673611,0.0,-inf
141,john_and_dean.JPG,JPEG2000,"(2, 255)",JPEG2000 Encoder: Quality 2,244,106.4327712673611,0.0,-inf
142,john_and_dean.JPG,JPEG2000,"(2, 255)",JPEG2000 Encoder: Quality 2,244,106.4327712673611,0.0,-inf
143,john_and_dean.JPG,JPEG2000,"(3, 255)",JPEG2000 Encoder: Quality 3,244,106.4327712673611,0.0,-inf
144,john_and_dean.JPG,JPEG2000,"(4, 255)",JPEG2000 Encoder: Quality 4,244,106.4327712673611,0.0,-inf
145,john_and_dean.JPG,JPEG2000,"(5, 255)",JPEG2000 Encoder: Quality 5,244,106.4327712673611,0.0,-inf
146,john_and_dean.JPG,JPEG2000,"(7, 255)",JPEG2000 Encoder: Quality 7,244,106.4327712673611,0.0,-inf
147,john_and_dean.JPG,JPEG2000,"(9, 255)",JPEG2000 Encoder: Quality 9,244,106.4327712673611,0.0,-inf
148,john_and_dean.JPG,JPEG2000,"(11, 255)",JPEG2000 Encoder: Quality 11,244,106.4327712673611,0.0,-inf
149,john_and_dean.JPG,JPEG2000,"(14, 255)",JPEG2000 Encoder: Quality 14,244,106.4327712673611,0.0,-inf
150,john_and_dean.JPG,JPEG2000,"(17, 255)",JPEG2000 Encoder: Quality 17,244,106.4327712673611,0.0,-inf
151,john_and_dean.JPG,JPEG2000,"(22, 255)",JPEG2000 Encoder: Quality 22,667,83.69717701099538,0.6101227469820388,21.03821826684065
152,john_and_dean.JPG,JPEG2000,"(27, 255)",JPEG2000 Encoder: Quality 27,7344,43.379150028935186,0.7309888285636088,26.726649093593377
153,john_and_dean.JPG,JPEG2000,"(34, 255)",JPEG2000 Encoder: Quality 34,67534,23.868208550347223,0.9016773458077721,33.23471242547422
154,john_and_dean.JPG,JPEG2000,"(43, 255)",JPEG2000 Encoder: Quality 43,299250,9.229821325231482,0.9570561279773581,38.41808506273598
155,2.jpg,JPEG2000,"(1, 255)",JPEG2000 Encoder: Quality 1,244,106.54299913194444,,-inf
156,2.jpg,JPEG2000,"(2, 255)",JPEG2000 Encoder: Quality 2,244,106.54299913194444,,-inf
157,2.jpg,JPEG2000,"(2, 255)",JPEG2000 Encoder: Quality 2,244,106.54299913194444,,-inf
158,2.jpg,JPEG2000,"(3, 255)",JPEG2000 Encoder: Quality 3,244,106.54299913194444,,-inf
159,2.jpg,JPEG2000,"(4, 255)",JPEG2000 Encoder: Quality 4,244,106.54299913194444,,-inf
160,2.jpg,JPEG2000,"(5, 255)",JPEG2000 Encoder: Quality 5,244,106.54299913194444,,-inf
161,2.jpg,JPEG2000,"(7, 255)",JPEG2000 Encoder: Quality 7,244,106.54299913194444,,-inf
162,2.jpg,JPEG2000,"(9, 255)",JPEG2000 Encoder: Quality 9,244,106.54299913194444,,-inf
163,2.jpg,JPEG2000,"(11, 255)",JPEG2000 Encoder: Quality 11,244,106.54299913194444,,-inf
164,2.jpg,JPEG2000,"(14, 255)",JPEG2000 Encoder: Quality 14,244,106.54299913194444,,-inf
165,2.jpg,JPEG2000,"(17, 255)",JPEG2000 Encoder: Quality 17,244,106.54299913194444,,-inf
166,2.jpg,JPEG2000,"(22, 255)",JPEG2000 Encoder: Quality 22,337,91.61894024884259,0.6773113436410191,17.98455879613982
167,2.jpg,JPEG2000,"(27, 255)",JPEG2000 Encoder: Quality 27,759,62.37411168981482,0.7078055889455911,24.662331655647463
168,2.jpg,JPEG2000,"(34, 255)",JPEG2000 Encoder: Quality 34,9823,23.937625144675927,0.8476901971438912,32.88637445731383
169,2.jpg,JPEG2000,"(43, 255)",JPEG2000 Encoder: Quality 43,125624,5.256052155671297,0.9530862181807661,40.43206136400976
170,9.jpg,JPEG2000,"(1, 255)",JPEG2000 Encoder: Quality 1,302,102.05750470196759,0.7148350344122038,13.566683428465458
171,9.jpg,JPEG2000,"(2, 255)",JPEG2000 Encoder: Quality 2,302,102.05750470196759,0.7148350344122038,13.566683428465458
172,9.jpg,JPEG2000,"(2, 255)",JPEG2000 Encoder: Quality 2,302,102.05750470196759,0.7148350344122038,13.566683428465458
173,9.jpg,JPEG2000,"(3, 255)",JPEG2000 Encoder: Quality 3,302,102.05750470196759,0.7148350344122038,13.566683428465458
174,9.jpg,JPEG2000,"(4, 255)",JPEG2000 Encoder: Quality 4,302,102.05750470196759,0.7148350344122038,13.566683428465458
175,9.jpg,JPEG2000,"(5, 255)",JPEG2000 Encoder: Quality 5,302,102.05750470196759,0.7148350344122038,13.566683428465458
176,9.jpg,JPEG2000,"(7, 255)",JPEG2000 Encoder: Quality 7,302,102.05750470196759,0.7148350344122038,13.566683428465458
177,9.jpg,JPEG2000,"(9, 255)",JPEG2000 Encoder: Quality 9,302,102.05750470196759,0.7148350344122038,13.566683428465458
178,9.jpg,JPEG2000,"(11, 255)",JPEG2000 Encoder: Quality 11,302,102.05750470196759,0.7148350344122038,13.566683428465458
179,9.jpg,JPEG2000,"(14, 255)",JPEG2000 Encoder: Quality 14,302,102.05750470196759,0.7148350344122038,13.566683428465458
180,9.jpg,JPEG2000,"(17, 255)",JPEG2000 Encoder: Quality 17,302,102.05750470196759,0.7148350344122038,13.566683428465458
181,9.jpg,JPEG2000,"(22, 255)",JPEG2000 Encoder: Quality 22,371,96.30887839988426,0.7977412414163078,18.765358425593714
182,9.jpg,JPEG2000,"(27, 255)",JPEG2000 Encoder: Quality 27,512,71.24530635127314,0.8324604509127901,24.551636666191495
183,9.jpg,JPEG2000,"(34, 255)",JPEG2000 Encoder: Quality 34,1978,24.892459852430555,0.8754871537034766,32.134291287813454
184,9.jpg,JPEG2000,"(43, 255)",JPEG2000 Encoder: Quality 43,61158,4.539920066550926,0.9517623227154154,41.06923880515777
185,5.jpg,JPEG2000,"(1, 255)",JPEG2000 Encoder: Quality 1,244,90.16767903645834,,-inf
186,5.jpg,JPEG2000,"(2, 255)",JPEG2000 Encoder: Quality 2,244,90.16767903645834,,-inf
187,5.jpg,JPEG2000,"(2, 255)",JPEG2000 Encoder: Quality 2,244,90.16767903645834,,-inf
188,5.jpg,JPEG2000,"(3, 255)",JPEG2000 Encoder: Quality 3,244,90.16767903645834,,-inf
189,5.jpg,JPEG2000,"(4, 255)",JPEG2000 Encoder: Quality 4,244,90.16767903645834,,-inf
190,5.jpg,JPEG2000,"(5, 255)",JPEG2000 Encoder: Quality 5,244,90.16767903645834,,-inf
191,5.jpg,JPEG2000,"(7, 255)",JPEG2000 Encoder: Quality 7,244,90.16767903645834,,-inf
192,5.jpg,JPEG2000,"(9, 255)",JPEG2000 Encoder: Quality 9,244,90.16767903645834,,-inf
193,5.jpg,JPEG2000,"(11, 255)",JPEG2000 Encoder: Quality 11,244,90.16767903645834,,-inf
194,5.jpg,JPEG2000,"(14, 255)",JPEG2000 Encoder: Quality 14,244,90.16767903645834,,-inf
195,5.jpg,JPEG2000,"(17, 255)",JPEG2000 Encoder: Quality 17,244,90.16767903645834,,-inf
196,5.jpg,JPEG2000,"(22, 255)",JPEG2000 Encoder: Quality 22,413,99.77229817708333,0.5694417659223322,19.084818737831487
197,5.jpg,JPEG2000,"(27, 255)",JPEG2000 Encoder: Quality 27,718,48.03635886863426,0.7587981333075985,26.073897397402362
198,5.jpg,JPEG2000,"(34, 255)",JPEG2000 Encoder: Quality 34,5913,19.775139250578704,0.8949607304912292,32.84116664643913
199,5.jpg,JPEG2000,"(43, 255)",JPEG2000 Encoder: Quality 43,80591,5.12103587962963,0.9584369566858378,41.02624594439714
200,13.jpg,JPEG2000,"(1, 255)",JPEG2000 Encoder: Quality 1,244,98.3322902199074,,-inf
201,13.jpg,JPEG2000,"(2, 255)",JPEG2000 Encoder: Quality 2,244,98.3322902199074,,-inf
202,13.jpg,JPEG2000,"(2, 255)",JPEG2000 Encoder: Quality 2,244,98.3322902199074,,-inf
203,13.jpg,JPEG2000,"(3, 255)",JPEG2000 Encoder: Quality 3,244,98.3322902199074,,-inf
204,13.jpg,JPEG2000,"(4, 255)",JPEG2000 Encoder: Quality 4,244,98.3322902199074,,-inf
205,13.jpg,JPEG2000,"(5, 255)",JPEG2000 Encoder: Quality 5,244,98.3322902199074,,-inf
206,13.jpg,JPEG2000,"(7, 255)",JPEG2000 Encoder: Quality 7,244,98.3322902199074,,-inf
207,13.jpg,JPEG2000,"(9, 255)",JPEG2000 Encoder: Quality 9,244,98.3322902199074,,-inf
208,13.jpg,JPEG2000,"(11, 255)",JPEG2000 Encoder: Quality 11,244,98.3322902199074,,-inf
209,13.jpg,JPEG2000,"(14, 255)",JPEG2000 Encoder: Quality 14,244,98.3322902199074,,-inf
210,13.jpg,JPEG2000,"(17, 255)",JPEG2000 Encoder: Quality 17,244,98.3322902199074,,-inf
211,13.jpg,JPEG2000,"(22, 255)",JPEG2000 Encoder: Quality 22,699,88.83804578993056,0.6543078478353374,20.445089273554192
212,13.jpg,JPEG2000,"(27, 255)",JPEG2000 Encoder: Quality 27,2211,48.81581814236111,0.7781265122968463,26.06731342535354
213,13.jpg,JPEG2000,"(34, 255)",JPEG2000 Encoder: Quality 34,13325,22.131019603587962,0.8982862784098383,33.12541493402383
214,13.jpg,JPEG2000,"(43, 255)",JPEG2000 Encoder: Quality 43,100561,5.028266059027778,0.9649590136046048,41.10631685813794
215,12.jpg,JPEG2000,"(1, 255)",JPEG2000 Encoder: Quality 1,244,102.54122504340278,,-inf
216,12.jpg,JPEG2000,"(2, 255)",JPEG2000 Encoder: Quality 2,244,102.54122504340278,,-inf
217,12.jpg,JPEG2000,"(2, 255)",JPEG2000 Encoder: Quality 2,244,102.54122504340278,,-inf
218,12.jpg,JPEG2000,"(3, 255)",JPEG2000 Encoder: Quality 3,244,102.54122504340278,,-inf
219,12.jpg,JPEG2000,"(4, 255)",JPEG2000 Encoder: Quality 4,244,102.54122504340278,,-inf
220,12.jpg,JPEG2000,"(5, 255)",JPEG2000 Encoder: Quality 5,244,102.54122504340278,,-inf
221,12.jpg,JPEG2000,"(7, 255)",JPEG2000 Encoder: Quality 7,244,102.54122504340278,,-inf
222,12.jpg,JPEG2000,"(9, 255)",JPEG2000 Encoder: Quality 9,244,102.54122504340278,,-inf
223,12.jpg,JPEG2000,"(11, 255)",JPEG2000 Encoder: Quality 11,244,102.54122504340278,,-inf
224,12.jpg,JPEG2000,"(14, 255)",JPEG2000 Encoder: Quality 14,339,103.44636537905093,0.4019946823752865,12.376172789320139
225,12.jpg,JPEG2000,"(17, 255)",JPEG2000 Encoder: Quality 17,646,98.78069516782408,0.4860958939906969,16.12593965710124
226,12.jpg,JPEG2000,"(22, 255)",JPEG2000 Encoder: Quality 22,3008,72.37674877025464,0.6642762410748838,21.52245097100216
227,12.jpg,JPEG2000,"(27, 255)",JPEG2000 Encoder: Quality 27,12348,48.855321903935184,0.8265909022122381,26.558291875871678
228,12.jpg,JPEG2000,"(34, 255)",JPEG2000 Encoder: Quality 34,56212,22.33281394675926,0.9340001462023199,33.508121845257136
229,12.jpg,JPEG2000,"(43, 255)",JPEG2000 Encoder: Quality 43,247482,6.839436125578704,0.9727317582135874,39.74925867994206
230,sunrise.JPG,YChrDctNonTile,"(0, 0, 8)","KnockOffJpeg: YQ: 0.0, CQ: 0.0, CDiv: 8",0,113.54085973668981,0.20204166974480298,3.301473865714587
231,sunrise.JPG,YChrDctNonTile,"(1, 1, 8)","KnockOffJpeg: YQ: 0.01, CQ: 0.08, CDiv: 8",1008,33.164970341435186,0.696176739673227,25.67431748174731
232,sunrise.JPG,YChrDctNonTile,"(1, 1, 8)","KnockOffJpeg: YQ: 0.01, CQ: 0.08, CDiv: 8",1008,33.164970341435186,0.696176739673227,25.67431748174731
233,sunrise.JPG,YChrDctNonTile,"(2, 2, 8)","KnockOffJpeg: YQ: 0.02, CQ: 0.16, CDiv: 8",4200,19.08804832175926,0.7274690169646147,30.696261261622787
234,sunrise.JPG,YChrDctNonTile,"(3, 3, 8)","KnockOffJpeg: YQ: 0.03, CQ: 0.24, CDiv: 8",9576,15.256420717592592,0.7404266809126011,32.41767770085585
235,sunrise.JPG,YChrDctNonTile,"(5, 5, 8)","KnockOffJpeg: YQ: 0.05, CQ: 0.4, CDiv: 8",27648,12.425540002893518,0.7452050420901761,33.66178481666281
236,sunrise.JPG,YChrDctNonTile,"(7, 7, 8)","KnockOffJpeg: YQ: 0.07, CQ: 0.56, CDiv: 8",53400,11.504977213541666,0.7427299738505563,33.9412772314868
237,sunrise.JPG,YChrDctNonTile,"(11, 11, 8)","KnockOffJpeg: YQ: 0.11, CQ: 0.88, CDiv: 8",132720,11.21451027199074,0.7492773324394157,34.2183138062291
238,sunrise.JPG,YChrDctNonTile,"(16, 16, 8)","KnockOffJpeg: YQ: 0.16, CQ: 1.3, CDiv: 8",209040,10.534680266203704,0.7592380102887432,34.63934271275445
239,sunrise.JPG,YChrDctNonTile,"(23, 23, 8)","KnockOffJpeg: YQ: 0.23, CQ: 1.8, CDiv: 8",309240,10.283253761574073,0.7661806666311701,34.74881677097148
240,radio_testing.jpg,YChrDctNonTile,"(0, 0, 8)","KnockOffJpeg: YQ: 0.0, CQ: 0.0, CDiv: 8",0,97.2195142505787,0.0709292095932569,1.2791459765385973
241,radio_testing.jpg,YChrDctNonTile,"(1, 1, 8)","KnockOffJpeg: YQ: 0.01, CQ: 0.08, CDiv: 8",1008,90.14030128761574,0.3683970516521799,17.17122575139408
242,radio_testing.jpg,YChrDctNonTile,"(1, 1, 8)","KnockOffJpeg: YQ: 0.01, CQ: 0.08, CDiv: 8",1008,90.14030128761574,0.3683970516521799,17.17122575139408
243,radio_testing.jpg,YChrDctNonTile,"(2, 2, 8)","KnockOffJpeg: YQ: 0.02, CQ: 0.16, CDiv: 8",4200,83.24144458912038,0.3820898127615065,18.843268882888175
244,radio_testing.jpg,YChrDctNonTile,"(3, 3, 8)","KnockOffJpeg: YQ: 0.03, CQ: 0.24, CDiv: 8",9576,80.92280562789352,0.3796141473100502,19.525122169788876
245,radio_testing.jpg,YChrDctNonTile,"(5, 5, 8)","KnockOffJpeg: YQ: 0.05, CQ: 0.4, CDiv: 8",27648,75.81981119791666,0.3847322506135376,20.595876680507637
246,radio_testing.jpg,YChrDctNonTile,"(7, 7, 8)","KnockOffJpeg: YQ: 0.07, CQ: 0.56, CDiv: 8",53400,71.41800708912037,0.3988357146462202,21.521836731029147
247,radio_testing.jpg,YChrDctNonTile,"(11, 11, 8)","KnockOffJpeg: YQ: 0.11, CQ: 0.88, CDiv: 8",132720,67.33210141782408,0.43094009649168613,22.394460700505118
248,radio_testing.jpg,YChrDctNonTile,"(16, 16, 8)","KnockOffJpeg: YQ: 0.16, CQ: 1.3, CDiv: 8",209040,63.99224392361111,0.4921056702260594,23.377257108636908
249,radio_testing.jpg,YChrDctNonTile,"(23, 23, 8)","KnockOffJpeg: YQ: 0.23, CQ: 1.8, CDiv: 8",309240,58.91319299768519,0.6216802756083321,24.862327596411916
250,alex_and_lotus.JPG,YChrDctNonTile,"(0, 0, 8)","KnockOffJpeg: YQ: 0.0, CQ: 0.0, CDiv: 8",0,107.4166724537037,0.13129436859824326,0.38120605100863075
251,alex_and_lotus.JPG,YChrDctNonTile,"(1, 1, 8)","KnockOffJpeg: YQ: 0.01, CQ: 0.08, CDiv: 8",1008,79.004326171875,0.5078442528555968,17.094953761626247
252,alex_and_lotus.JPG,YChrDctNonTile,"(1, 1, 8)","KnockOffJpeg: YQ: 0.01, CQ: 0.08, CDiv: 8",1008,79.004326171875,0.5078442528555968,17.094953761626247
253,alex_and_lotus.JPG,YChrDctNonTile,"(2, 2, 8)","KnockOffJpeg: YQ: 0.02, CQ: 0.16, CDiv: 8",4200,72.35678674768519,0.5209866911067595,19.118315290391767
254,alex_and_lotus.JPG,YChrDctNonTile,"(3, 3, 8)","KnockOffJpeg: YQ: 0.03, CQ: 0.24, CDiv: 8",9576,65.30015263310185,0.544975922101648,20.962961711790445
255,alex_and_lotus.JPG,YChrDctNonTile,"(5, 5, 8)","KnockOffJpeg: YQ: 0.05, CQ: 0.4, CDiv: 8",27648,55.804797453703706,0.5557867259207461,22.3023652410699
256,alex_and_lotus.JPG,YChrDctNonTile,"(7, 7, 8)","KnockOffJpeg: YQ: 0.07, CQ: 0.56, CDiv: 8",53400,51.919826388888886,0.5663919260283167,22.944537806340108
257,alex_and_lotus.JPG,YChrDctNonTile,"(11, 11, 8)","KnockOffJpeg: YQ: 0.11, CQ: 0.88, CDiv: 8",132720,46.96270652488426,0.5976545614990242,23.9804465242879
258,alex_and_lotus.JPG,YChrDctNonTile,"(16, 16, 8)","KnockOffJpeg: YQ: 0.16, CQ: 1.3, CDiv: 8",209040,41.975686125578704,0.6416231635014911,24.889114281217935
259,alex_and_lotus.JPG,YChrDctNonTile,"(23, 23, 8)","KnockOffJpeg: YQ: 0.23, CQ: 1.8, CDiv: 8",309240,38.32875831886574,0.6981276681429041,25.793282586892726
260,rocket_and_streamer_wide.jpg,YChrDctNonTile,"(0, 0, 8)","KnockOffJpeg: YQ: 0.0, CQ: 0.0, CDiv: 8",0,111.28323025173611,0.12698103638998498,0.11282240122088538
261,rocket_and_streamer_wide.jpg,YChrDctNonTile,"(1, 1, 8)","KnockOffJpeg: YQ: 0.01, CQ: 0.08, CDiv: 8",1008,83.4336205150463,0.39870351887425654,13.646249826634683
262,rocket_and_streamer_wide.jpg,YChrDctNonTile,"(1, 1, 8)","KnockOffJpeg: YQ: 0.01, CQ: 0.08, CDiv: 8",1008,83.4336205150463,0.39870351887425654,13.646249826634683
263,rocket_and_streamer_wide.jpg,YChrDctNonTile,"(2, 2, 8)","KnockOffJpeg: YQ: 0.02, CQ: 0.16, CDiv: 8",4200,72.06827473958333,0.44109566177510845,16.84883971162992
264,rocket_and_streamer_wide.jpg,YChrDctNonTile,"(3, 3, 8)","KnockOffJpeg: YQ: 0.03, CQ: 0.24, CDiv: 8",9576,66.69661747685186,0.4648842126797857,18.490446361000394
265,rocket_and_streamer_wide.jpg,YChrDctNonTile,"(5, 5, 8)","KnockOffJpeg: YQ: 0.05, CQ: 0.4, CDiv: 8",27648,61.209204282407406,0.48414554071079846,19.722704350559376
266,rocket_and_streamer_wide.jpg,YChrDctNonTile,"(7, 7, 8)","KnockOffJpeg: YQ: 0.07, CQ: 0.56, CDiv: 8",53400,57.58161820023148,0.5034304257038323,20.543012125053757
267,rocket_and_streamer_wide.jpg,YChrDctNonTile,"(11, 11, 8)","KnockOffJpeg: YQ: 0.11, CQ: 0.88, CDiv: 8",132720,54.08657190393519,0.5293763623967443,21.206557571654354
268,rocket_and_streamer_wide.jpg,YChrDctNonTile,"(16, 16, 8)","KnockOffJpeg: YQ: 0.16, CQ: 1.3, CDiv: 8",209040,51.48702654803241,0.5669774860773996,21.786658969549467
269,rocket_and_streamer_wide.jpg,YChrDctNonTile,"(23, 23, 8)","KnockOffJpeg: YQ: 0.23, CQ: 1.8, CDiv: 8",309240,49.52998336226852,0.62112002900589,22.426756116237264
270,john_and_dean.JPG,YChrDctNonTile,"(0, 0, 8)","KnockOffJpeg: YQ: 0.0, CQ: 0.0, CDiv: 8",0,105.58485315393519,0.1445927709952483,0.5781717269893707
271,john_and_dean.JPG,YChrDctNonTile,"(1, 1, 8)","KnockOffJpeg: YQ: 0.01, CQ: 0.08, CDiv: 8",1008,72.87256510416667,0.587913617384434,18.431314761800365
272,john_and_dean.JPG,YChrDctNonTile,"(1, 1, 8)","KnockOffJpeg: YQ: 0.01, CQ: 0.08, CDiv: 8",1008,72.87256510416667,0.587913617384434,18.431314761800365
273,john_and_dean.JPG,YChrDctNonTile,"(2, 2, 8)","KnockOffJpeg: YQ: 0.02, CQ: 0.16, CDiv: 8",4200,64.25979709201388,0.5974499130068119,20.060955138588255
274,john_and_dean.JPG,YChrDctNonTile,"(3, 3, 8)","KnockOffJpeg: YQ: 0.03, CQ: 0.24, CDiv: 8",9576,58.70549623842592,0.601355145603575,20.978159027889646
275,john_and_dean.JPG,YChrDctNonTile,"(5, 5, 8)","KnockOffJpeg: YQ: 0.05, CQ: 0.4, CDiv: 8",27648,52.830765335648145,0.6096101929144803,22.525581059121432
276,john_and_dean.JPG,YChrDctNonTile,"(7, 7, 8)","KnockOffJpeg: YQ: 0.07, CQ: 0.56, CDiv: 8",53400,48.54901801215278,0.6230552596889777,23.440500389191442
277,john_and_dean.JPG,YChrDctNonTile,"(11, 11, 8)","KnockOffJpeg: YQ: 0.11, CQ: 0.88, CDiv: 8",132720,43.33001663773148,0.6539892617204184,24.70121142529149
278,john_and_dean.JPG,YChrDctNonTile,"(16, 16, 8)","KnockOffJpeg: YQ: 0.16, CQ: 1.3, CDiv: 8",209040,38.63958478009259,0.6965827106576988,25.712260515593286
279,john_and_dean.JPG,YChrDctNonTile,"(23, 23, 8)","KnockOffJpeg: YQ: 0.23, CQ: 1.8, CDiv: 8",309240,34.397547019675926,0.7512599197229065,26.875094900399496
280,2.jpg,YChrDctNonTile,"(0, 0, 8)","KnockOffJpeg: YQ: 0.0, CQ: 0.0, CDiv: 8",0,106.768828125,0.15829529953592422,0.056855179999514845
281,2.jpg,YChrDctNonTile,"(1, 1, 8)","KnockOffJpeg: YQ: 0.01, CQ: 0.08, CDiv: 8",1008,74.02944986979166,0.6976524109685985,22.551855593593864
282,2.jpg,YChrDctNonTile,"(1, 1, 8)","KnockOffJpeg: YQ: 0.01, CQ: 0.08, CDiv: 8",1008,74.02944986979166,0.6976524109685985,22.551855593593864
283,2.jpg,YChrDctNonTile,"(2, 2, 8)","KnockOffJpeg: YQ: 0.02, CQ: 0.16, CDiv: 8",4200,55.59553566261574,0.7199994431242046,25.290304245610574
284,2.jpg,YChrDctNonTile,"(3, 3, 8)","KnockOffJpeg: YQ: 0.03, CQ: 0.24, CDiv: 8",9576,47.35130027488426,0.7264880393501296,26.578766103567645
285,2.jpg,YChrDctNonTile,"(5, 5, 8)","KnockOffJpeg: YQ: 0.05, CQ: 0.4, CDiv: 8",27648,38.8960130931713,0.7309396160935822,27.951450112769088
286,2.jpg,YChrDctNonTile,"(7, 7, 8)","KnockOffJpeg: YQ: 0.07, CQ: 0.56, CDiv: 8",53400,34.54760669849537,0.7369277623635568,28.883287423687783
287,2.jpg,YChrDctNonTile,"(11, 11, 8)","KnockOffJpeg: YQ: 0.11, CQ: 0.88, CDiv: 8",132720,29.603677662037036,0.7581989537831321,30.13196572320461
288,2.jpg,YChrDctNonTile,"(16, 16, 8)","KnockOffJpeg: YQ: 0.16, CQ: 1.3, CDiv: 8",209040,24.956354890046295,0.7943356942514885,31.26427789234372
289,2.jpg,YChrDctNonTile,"(23, 23, 8)","KnockOffJpeg: YQ: 0.23, CQ: 1.8, CDiv: 8",309240,21.17154441550926,0.8350599635744179,32.37482212900781
290,9.jpg,YChrDctNonTile,"(0, 0, 8)","KnockOffJpeg: YQ: 0.0, CQ: 0.0, CDiv: 8",0,110.48686125578703,0.22044303765593887,-0.05028418024214153
291,9.jpg,YChrDctNonTile,"(1, 1, 8)","KnockOffJpeg: YQ: 0.01, CQ: 0.08, CDiv: 8",1008,67.38149992766203,0.8223168658150407,22.77277259049405
292,9.jpg,YChrDctNonTile,"(1, 1, 8)","KnockOffJpeg: YQ: 0.01, CQ: 0.08, CDiv: 8",1008,67.38149992766203,0.8223168658150407,22.77277259049405
293,9.jpg,YChrDctNonTile,"(2, 2, 8)","KnockOffJpeg: YQ: 0.02, CQ: 0.16, CDiv: 8",4200,45.496322337962965,0.8323009006244627,26.152950184059975
294,9.jpg,YChrDctNonTile,"(3, 3, 8)","KnockOffJpeg: YQ: 0.03, CQ: 0.24, CDiv: 8",9576,35.336656901041664,0.83870179109244,28.057615437915363
295,9.jpg,YChrDctNonTile,"(5, 5, 8)","KnockOffJpeg: YQ: 0.05, CQ: 0.4, CDiv: 8",27648,25.185997178819445,0.857048706035921,30.92194733922224
296,9.jpg,YChrDctNonTile,"(7, 7, 8)","KnockOffJpeg: YQ: 0.07, CQ: 0.56, CDiv: 8",53400,20.272496744791667,0.8681714141603821,32.56404921618358
297,9.jpg,YChrDctNonTile,"(11, 11, 8)","KnockOffJpeg: YQ: 0.11, CQ: 0.88, CDiv: 8",132720,15.320266565393519,0.8858579610424026,34.716498630186635
298,9.jpg,YChrDctNonTile,"(16, 16, 8)","KnockOffJpeg: YQ: 0.16, CQ: 1.3, CDiv: 8",209040,11.901014901620371,0.9037227333966219,36.13232288758069
299,9.jpg,YChrDctNonTile,"(23, 23, 8)","KnockOffJpeg: YQ: 0.23, CQ: 1.8, CDiv: 8",309240,9.641066984953703,0.922128994504296,37.29998178802894
300,5.jpg,YChrDctNonTile,"(0, 0, 8)","KnockOffJpeg: YQ: 0.0, CQ: 0.0, CDiv: 8",0,84.07874891493056,0.1385081415434642,1.0530019262097834
301,5.jpg,YChrDctNonTile,"(1, 1, 8)","KnockOffJpeg: YQ: 0.01, CQ: 0.08, CDiv: 8",1008,59.92939850983797,0.7136532133977713,22.8539526154694
302,5.jpg,YChrDctNonTile,"(1, 1, 8)","KnockOffJpeg: YQ: 0.01, CQ: 0.08, CDiv: 8",1008,59.92939850983797,0.7136532133977713,22.8539526154694
303,5.jpg,YChrDctNonTile,"(2, 2, 8)","KnockOffJpeg: YQ: 0.02, CQ: 0.16, CDiv: 8",4200,34.00196795428241,0.7738440380300834,25.277857077825708
304,5.jpg,YChrDctNonTile,"(3, 3, 8)","KnockOffJpeg: YQ: 0.03, CQ: 0.24, CDiv: 8",9576,29.747457320601853,0.796956489732532,26.76360809572423
305,5.jpg,YChrDctNonTile,"(5, 5, 8)","KnockOffJpeg: YQ: 0.05, CQ: 0.4, CDiv: 8",27648,25.860485026041665,0.8085124803826965,28.215465480994283
306,5.jpg,YChrDctNonTile,"(7, 7, 8)","KnockOffJpeg: YQ: 0.07, CQ: 0.56, CDiv: 8",53400,23.844154007523148,0.8167933173285915,29.258065318572257
307,5.jpg,YChrDctNonTile,"(11, 11, 8)","KnockOffJpeg: YQ: 0.11, CQ: 0.88, CDiv: 8",132720,21.814700882523148,0.8324200863639519,30.69183328754761
308,5.jpg,YChrDctNonTile,"(16, 16, 8)","KnockOffJpeg: YQ: 0.16, CQ: 1.3, CDiv: 8",209040,18.533188295717594,0.8685643095443631,32.21313703239411
309,5.jpg,YChrDctNonTile,"(23, 23, 8)","KnockOffJpeg: YQ: 0.23, CQ: 1.8, CDiv: 8",309240,15.843013599537038,0.8978349842190066,33.611894326084716
310,13.jpg,YChrDctNonTile,"(0, 0, 8)","KnockOffJpeg: YQ: 0.0, CQ: 0.0, CDiv: 8",0,95.67934534143518,0.1376294286544391,0.5275806713663244
311,13.jpg,YChrDctNonTile,"(1, 1, 8)","KnockOffJpeg: YQ: 0.01, CQ: 0.08, CDiv: 8",1008,88.43106119791666,0.5954263360963202,15.968857495283475
312,13.jpg,YChrDctNonTile,"(1, 1, 8)","KnockOffJpeg: YQ: 0.01, CQ: 0.08, CDiv: 8",1008,88.43106119791666,0.5954263360963202,15.968857495283475
313,13.jpg,YChrDctNonTile,"(2, 2, 8)","KnockOffJpeg: YQ: 0.02, CQ: 0.16, CDiv: 8",4200,73.95492368344907,0.638223585267938,19.606956464149775
314,13.jpg,YChrDctNonTile,"(3, 3, 8)","KnockOffJpeg: YQ: 0.03, CQ: 0.24, CDiv: 8",9576,61.27879376446759,0.6764845186573658,21.962450802296587
315,13.jpg,YChrDctNonTile,"(5, 5, 8)","KnockOffJpeg: YQ: 0.05, CQ: 0.4, CDiv: 8",27648,48.598719618055554,0.7159548195036867,24.350480301986856
316,13.jpg,YChrDctNonTile,"(7, 7, 8)","KnockOffJpeg: YQ: 0.07, CQ: 0.56, CDiv: 8",53400,41.58423430266204,0.7425618770596132,25.819458310391788
317,13.jpg,YChrDctNonTile,"(11, 11, 8)","KnockOffJpeg: YQ: 0.11, CQ: 0.88, CDiv: 8",132720,31.95543185763889,0.7918014391837472,27.997871150081103
318,13.jpg,YChrDctNonTile,"(16, 16, 8)","KnockOffJpeg: YQ: 0.16, CQ: 1.3, CDiv: 8",209040,23.90967845775463,0.8453546126039764,29.765109789973412
319,13.jpg,YChrDctNonTile,"(23, 23, 8)","KnockOffJpeg: YQ: 0.23, CQ: 1.8, CDiv: 8",309240,18.492106481481482,0.8871117549453561,31.23611380447052
320,12.jpg,YChrDctNonTile,"(0, 0, 8)","KnockOffJpeg: YQ: 0.0, CQ: 0.0, CDiv: 8",0,103.71810872395834,0.11744527916876724,2.463675749136016
321,12.jpg,YChrDctNonTile,"(1, 1, 8)","KnockOffJpeg: YQ: 0.01, CQ: 0.08, CDiv: 8",1008,101.95877640335648,0.44001765056259184,14.132696216904876
322,12.jpg,YChrDctNonTile,"(1, 1, 8)","KnockOffJpeg: YQ: 0.01, CQ: 0.08, CDiv: 8",1008,101.95877640335648,0.44001765056259184,14.132696216904876
323,12.jpg,YChrDctNonTile,"(2, 2, 8)","KnockOffJpeg: YQ: 0.02, CQ: 0.16, CDiv: 8",4200,92.71061414930556,0.4836228425385749,16.277825231935164
324,12.jpg,YChrDctNonTile,"(3, 3, 8)","KnockOffJpeg: YQ: 0.03, CQ: 0.24, CDiv: 8",9576,85.57322120949074,0.5185156847283822,17.63692912061504
325,12.jpg,YChrDctNonTile,"(5, 5, 8)","KnockOffJpeg: YQ: 0.05, CQ: 0.4, CDiv: 8",27648,70.89246166087963,0.5879555706751259,19.892267193474613
326,12.jpg,YChrDctNonTile,"(7, 7, 8)","KnockOffJpeg: YQ: 0.07, CQ: 0.56, CDiv: 8",53400,60.51080367476852,0.6400699860160566,21.286520563377618
327,12.jpg,YChrDctNonTile,"(11, 11, 8)","KnockOffJpeg: YQ: 0.11, CQ: 0.88, CDiv: 8",132720,48.37791919849537,0.7176266089269193,23.357509189095094
328,12.jpg,YChrDctNonTile,"(16, 16, 8)","KnockOffJpeg: YQ: 0.16, CQ: 1.3, CDiv: 8",209040,39.87139467592593,0.7878937175048679,25.10275588270913
329,12.jpg,YChrDctNonTile,"(23, 23, 8)","KnockOffJpeg: YQ: 0.23, CQ: 1.8, CDiv: 8",309240,33.81079680266204,0.847636462911226,26.803637455949662
